* All data in this file Is artifically created and is not related to any real-world people			
Name	Age	Phone Number	Nationality
Alison St Pierre	74	+33 6 99 80 94 86	French
Audra Frank	13	+44 7599 207527	British
August Waldo	21	+1 202-562-3633	American
Bahadır Marangoz	46	+90 516 614 94 23	Tukish
Berker Kartal	35	+90 516 773 29 89	Tukish
Debby Vincent	21	+44 7911 091536	British
Ermenegilda Nizzola	66	+39 367 408 0939	Italian
Eugen Kappel	81	+49 15525 105881	German
Franziska Kerper	74	+49 1575 2626181	German
Geena Jeanes	70	+1 505-579-8828	American
Gena Daniel	75	+1 582-333-2536	American
Gianpiero Angioli	58	+39 382 066 418	Italian
Giuseppina Bagnoli	63	+39 337 888 4402	Italian
Guiying Chou	21	+86 174 0080 3854	Chinese
Irmak Macar	36	+90 516 771 34 51	Tukish
Jason Andrews	74	+1 582-583-3972	American
Jianhong Li	45	+86 147 1628 3225	Chinese
Julie Rogers	62	+44 7798 954977	British
Kellan Butts	52	+44 7168 901782	British
Kenshin Ishikawa	27	+81 70-1871-9873	Japanese
Kōta Sanada	32	+81 80-8886-3186	Japanese
Lazare Leclerc	72	+33 7 00 14 28 87	French
Leith Headley	62	+1 582-202-7861	American
Lian Yu	48	+86 174 0571 2886	Chinese
Lidia Castro	35	+34 643 68 63 27	Spanish
Marcelino Palencia	12	+34 590 60 09 78	Spanish
Maria Grazia Anselmi	51	+39 320 625 268	Italian
Maximiliane Morgenstern	44	+49 15886 644157	German
Michi Fujioka	71	+81 80-4827-4612	Japanese
Mio Uchiyama	50	+81 70-1079-5016	Japanese
Naruhito Yamauchi	62	+81 70-6763-3672	Japanese
Noam Porcher	27	+33 6 50 99 36 98	French
Olive Chaplin	47	+33 6 95 56 16 67	French
Onur Barış	31	+90 516 232 41 76	Tukish
Plácido Olmos	45	+34 590 10 05 83	Spanish
Rupert Senft	74	+49 1598 8176787	German
Sancho Ybarra	69	+34 627 65 31 82	Spanish
Temperance Dunn	40	+44 7700 063271	British
Tino Terzi	67	+39 379 342 202	Italian
Valerie Salzwedel	74	+49 1518 6458002	German
Vivienne Savatier	43	+33 7 00 39 13 66	French
Yamila Amador	74	+34 590 60 01 17	Spanish
Yang Kwok	51	+86 167 6877 2991	Chinese
Yonca Kartal	65	+90 561 615 93 77	Tukish
Yu Ko	51	+86 174 0437 8888	Chinese
